samples/task2279/36353832_gyeoljae.hwpx	split
samples/task2279/36358528_gyeoljae.hwpx	split
samples/task2279/36365360_gyeoljae.hwpx	split
samples/task2279/36376848_gyeoljae.hwpx	split
samples/task2279/36378128_gyeoljae.hwpx	split
samples/task2279/36378481_gyeoljae.hwpx	split
samples/task2279/36394733_gyeoljae.hwpx	split
samples/task2279/36395825_gyeoljae.hwpx	split
samples/task2279/36398724_gyeoljae.hwpx	split
samples/task2279/36404953_gyeoljae.hwpx	absorb
samples/task2279/36406174_gyeoljae.hwpx	split
samples/task2279/36407074_gyeoljae.hwpx	split
samples/task2279/36410902_gyeoljae.hwpx	split
samples/task2279/36417406_gyeoljae.hwpx	split
samples/task2279/36423194_gyeoljae.hwpx	split
samples/task2279/36423558_gyeoljae.hwpx	split
samples/task2279/36425476_gyeoljae.hwpx	split
samples/task2279/36433160_gyeoljae.hwpx	split
samples/task2279/36434078_gyeoljae.hwpx	split
samples/task2279/36437313_gyeoljae.hwpx	split
samples/task2279/36446358_gyeoljae.hwpx	split
samples/task2279/36455850_gyeoljae.hwpx	split
samples/task2279/36456688_gyeoljae.hwpx	split
samples/task2279/36477251_gyeoljae.hwpx	absorb
samples/task2279/36477373_gyeoljae.hwpx	split
